order_lines,total_items,warehouse_area,shift,weekday,employee_experience_years,priority_order,process_duration_min
7,103,C,early,5,4.7,1,38.9
20,192,C,night,1,0.3,0,54.94
29,252,B,night,1,2.1,0,71.93
15,226,B,early,1,2.8,0,50.61
11,294,A,late,6,7.1,0,37.59
8,98,B,night,2,0.1,0,27.22
29,286,A,early,0,4.1,1,74.74
21,249,A,late,3,9.2,1,55.29
7,166,C,night,0,1.1,0,44.88
26,30,C,late,6,5.2,0,40.72
19,247,D,late,0,7.9,0,49.88
23,106,C,late,6,9.4,1,52.55
11,51,C,late,0,7.5,0,24.29
11,81,B,night,1,7.2,0,14.83
24,133,C,night,4,8.3,0,60.45
21,285,D,night,1,4.5,0,57.53
4,138,B,early,1,8.1,0,26.17
8,184,D,night,5,0.1,1,39.73
24,273,C,late,5,9.2,0,56.58
3,69,D,night,0,4.4,0,14.18
22,34,B,late,6,5.5,0,36.86
21,262,A,early,1,2.5,0,55.29
2,53,D,late,0,7.4,0,16.5
24,205,D,late,5,0.8,0,60.68
12,126,B,late,4,8.7,0,25.48
6,235,B,early,3,8.3,0,30.97
2,43,D,night,0,2.2,1,32.69
28,240,C,night,4,8.1,0,71.32
21,111,D,early,3,7.9,1,53.13
1,249,B,late,2,6.3,0,33.23
12,151,A,night,0,3.7,0,48.14
26,183,A,early,0,2.7,0,61.41
22,95,C,night,2,2.3,0,52.56
29,8,D,early,2,3.2,0,43.48
12,184,A,late,0,9.0,0,30.76
25,281,D,night,2,0.8,0,70.21
17,195,B,early,1,8.3,0,40.65
27,195,A,night,3,3.5,0,56.01
27,155,C,night,3,5.2,0,54.2
10,93,B,night,3,7.9,0,21.34
28,160,C,night,1,8.8,0,53.83
28,61,B,early,6,3.4,0,53.4
16,122,A,late,2,4.6,0,48.62
15,51,C,early,4,4.1,0,38.69
15,277,C,early,2,0.1,0,58.77
19,5,B,early,0,3.0,1,32.68
12,92,C,late,5,4.6,1,39.64
23,170,B,night,3,4.1,0,53.85
20,22,B,night,2,7.2,0,37.72
25,1,B,night,4,3.8,0,41.67
3,133,B,late,0,4.9,0,32.52
5,233,A,night,1,4.3,1,40.14
19,12,B,late,6,7.4,0,34.33
7,46,D,night,1,8.6,0,12.9
21,34,C,night,4,5.3,0,40.53
9,78,D,early,0,7.9,0,33.36
7,218,A,late,3,3.0,0,39.52
18,73,D,early,2,5.4,0,29.88
4,282,C,early,0,3.5,1,42.06
25,249,D,early,6,4.1,0,73.41
28,47,A,late,1,7.3,0,46.6
14,121,B,late,6,8.8,1,41.43
18,214,D,night,6,1.2,0,63.73
26,239,A,early,4,6.3,1,64.74
9,56,A,night,4,5.8,1,33.83
26,107,C,early,2,1.2,0,57.58
21,48,C,late,4,2.1,0,47.1
2,61,D,late,4,3.1,0,22.71
20,26,B,late,0,1.7,1,42.25
28,292,A,early,3,2.4,0,67.84
15,257,D,late,2,2.7,0,49.4
28,8,A,early,0,3.4,1,43.46
7,113,A,night,3,7.5,1,36.86
12,253,B,early,6,5.7,1,49.7
29,180,B,night,0,9.9,0,64.69
8,207,D,early,5,4.1,1,52.12
15,127,B,night,0,7.5,0,38.23
3,56,B,late,4,8.7,1,13.82
14,214,D,night,3,6.8,0,45.53
17,14,B,late,2,4.1,0,30.09
4,28,C,late,2,7.5,0,6.59
18,78,A,night,3,2.0,0,38.48
8,216,A,early,4,3.3,0,37.01
4,154,A,early,1,5.5,0,22.45
2,14,A,early,0,5.8,0,7.8
6,187,D,early,4,0.2,0,31.43
22,7,A,early,5,9.5,1,40.49
10,3,A,late,6,7.0,0,29.99
4,111,A,early,3,5.0,0,28.97
22,238,A,late,0,9.3,0,56.7
29,239,C,late,2,4.4,0,71.42
18,274,A,late,6,9.8,0,50.1
26,294,C,night,1,5.1,0,59.48
12,227,D,night,5,1.1,0,47.09
2,15,B,late,2,7.6,1,11.73
10,192,A,night,3,6.8,1,42.12
4,119,B,early,0,7.7,0,28.3
14,28,B,early,3,9.5,1,41.46
16,202,D,late,6,7.8,0,47.32
15,39,B,early,0,6.1,0,22.81
8,273,C,late,4,8.6,0,40.83
14,231,B,late,1,6.7,0,45.54
23,86,B,early,4,4.1,0,50.1
28,126,B,night,4,8.9,0,53.7
25,25,A,early,3,2.2,0,45.29
8,145,A,early,6,7.1,0,25.87
21,13,C,late,1,8.8,0,34.92
16,212,C,late,0,7.3,0,49.52
13,25,A,late,0,7.0,0,16.26
18,68,C,late,5,7.5,0,36.3
15,67,A,night,2,4.7,0,37.76
21,233,D,night,5,8.7,0,64.0
24,109,B,night,5,2.0,1,55.08
26,146,B,late,0,1.3,0,63.6
25,111,C,late,3,2.9,0,62.1
28,228,A,late,4,5.3,0,61.3
28,111,A,night,6,5.1,0,51.67
28,34,C,late,4,8.2,0,46.77
13,111,A,early,4,4.0,0,34.57
9,264,D,early,1,4.8,0,50.11
29,236,B,late,0,0.1,0,65.74
15,83,C,early,6,4.1,0,44.96
13,42,C,early,3,6.5,0,25.71
1,101,A,night,1,0.2,0,15.67
25,6,C,late,2,2.8,0,47.94
7,180,D,late,3,2.1,0,43.68
9,282,A,night,5,0.4,0,47.62
24,226,A,early,3,4.8,0,60.1
1,229,A,early,3,1.8,0,40.13
12,289,A,late,4,7.4,0,52.06
8,150,D,early,3,8.5,0,31.8
24,277,A,night,5,5.5,1,65.1
11,198,C,night,5,9.8,0,43.51
19,70,D,late,0,4.5,1,51.8
17,112,B,night,3,5.1,0,43.13
8,4,B,night,4,9.9,0,15.7
3,95,C,late,3,2.3,0,23.81
3,152,C,night,2,9.4,0,23.49
1,137,D,night,2,0.4,0,26.38
27,247,B,night,4,4.5,0,62.25
5,243,B,early,0,0.7,0,39.58
10,31,B,late,0,7.3,0,20.24
7,40,B,late,5,6.1,0,22.02
26,229,B,late,5,7.1,1,54.75
9,36,A,early,1,3.7,0,20.99
28,223,C,early,4,3.7,0,71.14
7,6,A,late,3,0.5,0,17.03
9,220,B,early,6,3.5,0,42.61
8,75,D,late,4,9.3,0,21.3
12,4,D,early,1,3.8,1,37.34
2,134,B,night,5,8.3,0,19.57
1,118,B,night,4,8.4,0,16.73
16,94,D,late,4,3.7,0,41.5
23,62,A,early,5,6.3,1,40.73
23,194,A,early,1,1.0,0,61.58
24,203,B,night,5,1.0,0,66.81
5,26,A,night,0,0.5,1,24.18
3,173,D,early,3,5.8,0,31.5
12,133,A,early,5,4.3,1,44.12
8,118,B,early,1,5.5,0,28.33
22,275,D,early,2,5.2,0,56.62
27,212,A,early,0,3.5,0,69.58
3,225,C,early,2,6.8,0,29.18
1,20,D,late,6,7.6,1,15.03
3,113,D,early,5,0.1,0,36.26
5,140,C,night,0,2.1,0,34.03
15,47,C,late,3,7.1,0,33.88
14,1,D,early,5,3.9,0,25.9
3,90,C,night,3,6.6,0,25.24
1,142,B,late,4,3.5,0,37.79
5,38,B,night,2,3.9,0,24.76
26,293,B,early,0,1.6,0,71.4
23,139,D,early,3,2.6,0,58.01
14,259,C,early,1,6.1,0,47.01
7,161,C,early,3,4.3,0,31.28
27,178,A,late,1,7.7,1,59.5
9,10,A,late,5,8.5,1,20.98
15,261,C,night,0,5.4,0,49.59
15,138,C,early,3,7.6,0,37.43
26,172,C,night,6,3.1,0,58.92
10,13,D,late,3,4.1,0,25.31
28,168,C,early,6,7.1,0,60.09
13,130,A,early,0,3.9,0,36.96
19,84,D,late,3,5.9,0,43.63
7,101,C,late,1,1.9,1,42.76
17,273,A,late,3,6.0,0,52.42
20,265,D,late,2,8.6,0,67.73
29,38,C,late,5,8.7,0,50.71
4,94,C,early,4,7.2,0,19.44
5,95,C,late,1,7.5,1,34.9
23,69,D,early,2,5.6,0,46.3
7,236,A,early,6,5.8,0,23.95
13,137,A,late,5,1.3,0,39.23
15,76,B,late,0,4.4,0,34.35
11,35,C,early,1,4.5,0,35.98
29,1,B,late,4,9.6,1,44.67
4,296,B,late,5,4.3,1,42.31
13,60,A,late,6,5.5,0,36.49
7,267,D,night,4,5.3,0,44.67
27,229,D,early,0,6.4,1,68.28
19,270,A,night,0,7.5,0,50.02
22,286,D,late,6,2.3,0,67.13
28,291,B,night,1,5.3,0,69.37
2,213,C,late,6,8.3,0,24.29
10,165,A,night,3,4.6,0,32.15
13,5,C,late,0,2.8,0,25.57
25,78,D,night,5,6.5,0,45.18
21,62,C,night,3,8.2,0,45.94
6,132,D,night,2,0.6,0,37.89
28,89,D,early,4,7.8,1,62.94
28,237,B,night,3,8.2,1,68.19
12,42,D,early,4,4.6,1,34.73
12,89,B,late,6,9.8,0,27.84
20,296,B,night,3,7.9,0,62.81
11,295,B,late,6,7.7,0,36.51
26,104,A,late,2,7.5,0,46.6
23,14,A,night,0,1.5,0,38.28
28,288,D,early,2,2.2,0,79.9
25,179,B,night,0,4.6,0,54.76
7,125,A,late,6,2.6,1,26.4
1,23,B,late,0,4.2,0,14.42
1,63,C,night,4,8.9,0,13.01
25,143,C,early,5,8.2,0,49.42
27,153,C,early,2,6.3,1,58.63
25,145,D,late,3,8.6,0,50.08
20,225,B,late,2,7.8,1,60.18
13,104,C,early,4,4.3,1,42.33
9,104,A,night,0,2.0,0,30.38
3,39,C,late,4,5.1,0,12.26
7,198,C,early,1,7.4,0,32.92
6,134,C,late,1,4.4,0,31.04
8,67,D,night,3,6.7,0,28.51
27,179,A,early,4,0.9,0,61.59
9,42,B,late,6,7.5,1,23.3
5,15,A,night,3,8.1,1,7.76
1,111,B,late,6,7.1,0,27.31
19,157,D,night,3,9.7,0,39.87
10,289,D,night,1,8.3,0,36.44
12,231,D,early,3,9.0,0,43.63
24,157,D,night,1,9.3,0,44.66
15,38,B,late,0,8.0,0,26.02
27,97,C,night,6,6.7,0,55.66
22,289,B,night,4,0.1,0,74.06
24,254,A,early,3,4.7,1,67.17
9,196,D,night,1,5.7,0,37.14
20,86,D,night,2,3.0,0,46.47
17,10,A,late,6,3.2,0,23.92
17,5,B,early,3,9.6,0,26.33
26,123,C,early,5,8.9,0,49.16
20,118,C,early,0,8.5,0,44.26
12,294,A,night,0,4.1,0,58.71
7,159,C,early,2,0.1,0,26.07
2,228,B,night,1,0.8,0,31.79
3,216,B,night,3,3.1,0,23.39
17,184,A,late,6,0.2,0,46.46
5,15,B,late,1,0.2,1,21.34
17,157,D,late,0,9.2,0,36.25
24,136,A,late,1,7.1,1,58.98
17,261,B,late,0,3.1,0,55.19
27,157,A,night,1,1.3,1,68.48
17,47,C,night,2,5.1,0,34.38
2,173,B,early,4,0.1,0,28.82
2,130,D,night,2,9.4,0,30.34
28,95,B,night,2,4.1,0,54.67
22,115,A,late,4,4.0,0,51.34
23,243,A,night,4,3.9,0,56.27
5,292,B,late,3,0.7,0,46.05
1,282,D,early,6,6.4,0,31.84
1,299,D,early,6,7.3,0,25.83
19,283,D,night,3,6.8,0,58.49
2,69,A,early,2,1.4,0,16.79
21,148,B,night,2,5.8,0,40.51
12,11,C,early,0,5.7,0,27.45
26,254,A,late,0,8.7,1,60.86
6,38,D,late,6,3.8,0,39.14
23,134,B,late,3,3.7,0,43.81
4,200,D,late,5,6.2,1,31.3
23,23,C,night,5,6.3,0,46.43
11,218,D,early,3,4.7,0,42.98
24,141,D,night,0,4.4,0,59.6
27,104,C,late,6,4.9,0,56.19
17,210,B,night,6,8.6,0,43.52
6,111,A,early,0,4.6,0,18.56
24,104,B,night,5,9.4,0,51.85
5,171,C,early,1,5.0,1,29.24
20,133,D,night,1,9.5,0,48.73
2,293,B,early,0,8.3,0,37.62
6,127,A,early,1,3.6,0,26.81
22,106,C,late,4,8.6,0,43.84
11,92,B,early,3,1.1,0,28.77
16,287,A,late,3,9.3,0,51.86
16,51,C,late,0,6.3,1,24.54
1,29,A,late,2,0.5,1,24.15
9,296,C,night,5,6.4,0,46.25
28,297,D,night,0,9.7,0,68.21
27,214,B,night,1,0.7,0,66.49
6,267,A,night,5,5.5,0,31.19
16,257,C,early,2,7.5,0,38.05
29,101,A,early,1,8.1,0,54.45
3,110,A,night,6,4.1,0,29.16
20,182,B,early,4,2.0,0,43.26
28,1,D,early,1,0.4,1,51.14
27,55,A,late,4,5.8,0,51.5
4,149,C,late,5,4.5,0,30.06
19,137,C,late,4,9.5,0,58.13
26,202,D,late,5,0.6,0,70.42
3,117,C,early,5,6.9,0,26.61
19,154,D,night,5,0.2,0,49.01
20,291,C,early,5,1.7,0,64.71
7,63,B,early,5,4.5,0,31.27
20,244,A,early,1,4.5,0,53.55
9,25,B,late,5,6.9,0,21.38
1,90,A,late,1,9.1,0,15.14
8,75,A,late,5,6.4,1,25.9
7,294,A,night,4,9.5,0,40.06
18,210,B,early,6,8.8,0,48.06
8,17,A,night,5,5.8,0,27.85
1,128,B,late,2,8.3,0,17.88
11,251,D,night,5,6.4,0,49.22
28,179,C,early,5,0.8,0,63.36
25,182,C,early,4,7.4,0,59.08
25,152,A,late,3,0.9,1,60.08
18,25,B,late,4,5.9,0,37.24
23,180,C,night,2,7.0,0,57.79
10,198,B,late,3,0.7,0,36.12
3,161,B,late,0,2.3,0,33.78
7,177,A,early,0,9.2,0,27.99
28,285,C,late,2,6.2,0,66.81
16,63,A,late,4,2.5,0,32.84
26,150,A,early,1,6.9,0,54.46
16,154,C,early,2,6.0,0,42.9
25,156,C,night,6,5.0,0,58.08
20,49,D,late,3,9.8,0,40.51
28,84,D,early,3,6.8,0,56.6
17,177,B,night,5,3.8,1,66.03
2,148,C,night,0,8.0,0,23.79
1,118,D,late,3,8.8,0,16.41
16,63,B,late,2,1.3,0,27.93
12,189,B,night,3,2.0,0,36.89
5,49,B,early,2,2.2,0,27.86
5,257,D,night,1,6.9,1,46.78
27,224,C,late,5,6.0,0,56.37
23,141,A,early,0,6.2,0,61.16
9,215,B,early,3,9.4,0,36.75
9,211,D,night,2,7.8,0,41.37
3,32,D,late,4,1.3,0,32.27
19,158,A,night,0,3.5,0,56.34
16,285,A,night,1,4.4,0,57.18
16,286,D,night,2,4.0,0,60.98
3,144,C,early,6,6.7,0,29.34
20,19,A,early,6,8.9,0,32.09
24,18,D,late,5,3.1,0,47.4
22,257,A,late,5,5.5,0,60.48
24,78,C,night,1,7.9,0,46.03
1,175,B,night,1,4.2,0,21.08
24,194,A,night,5,1.7,0,56.95
20,113,C,late,3,4.7,0,41.11
11,114,D,early,3,0.6,0,38.52
17,222,A,early,2,9.4,0,36.38
8,166,A,night,4,0.7,0,37.65
4,132,D,night,2,4.4,1,25.47
6,264,B,night,4,5.3,0,36.74
8,55,D,night,1,9.9,0,26.34
20,131,A,late,0,1.7,0,51.55
3,288,D,early,2,1.1,0,44.73
16,266,C,night,2,0.1,0,58.36
25,162,D,late,4,1.6,0,54.24
3,87,A,night,1,2.1,0,27.04
25,55,D,night,1,6.3,0,42.96
29,288,B,early,6,2.2,0,77.47
18,178,D,night,4,0.2,0,56.59
14,8,B,early,1,8.3,0,32.62
18,247,C,early,5,3.7,0,54.69
2,255,B,early,3,3.5,1,34.26
22,54,D,late,6,3.0,0,39.86
3,249,A,late,5,9.8,0,23.35
16,239,B,early,0,1.7,0,43.35
29,229,C,night,2,9.0,0,69.18
9,67,B,early,6,7.8,0,29.74
4,51,B,night,0,0.8,0,25.04
1,97,B,early,2,9.9,0,14.76
4,92,C,night,3,2.7,0,35.72
1,264,D,late,1,1.0,0,36.73
14,291,B,night,5,8.3,1,55.32
21,96,B,early,4,7.1,0,42.57
16,88,A,late,5,6.2,0,34.11
20,78,C,night,3,1.6,0,49.02
24,288,B,night,0,4.8,0,61.26
8,120,C,night,4,7.8,0,25.79
7,165,B,night,1,3.0,0,37.16
3,182,D,night,3,3.1,0,29.75
17,223,D,late,4,0.0,1,61.11
1,7,B,late,3,1.7,1,17.06
16,263,D,late,3,8.8,1,56.12
12,161,B,late,1,4.4,0,35.13
27,151,D,early,6,9.8,0,52.32
19,85,A,late,2,4.0,0,36.9
22,147,A,night,4,7.2,0,52.29
23,112,A,night,1,2.8,0,50.51
22,36,C,late,3,3.6,0,47.85
14,285,C,night,1,1.9,0,59.55
6,188,A,late,6,3.5,0,30.39
6,82,C,night,2,5.5,0,29.67
13,2,D,early,5,9.9,1,30.26
19,197,B,early,4,6.6,0,47.85
22,11,B,late,2,2.0,0,47.44
8,234,B,late,0,0.4,0,44.71
27,195,A,late,4,1.3,0,60.33
27,119,C,night,2,5.6,1,62.89
2,20,D,late,3,7.7,0,7.98
21,261,D,early,4,9.4,0,58.04
1,293,A,night,4,0.2,0,29.85
28,256,D,late,1,5.2,1,68.82
15,222,D,night,3,4.7,0,52.84
1,226,D,night,0,6.6,1,22.36
5,53,D,late,5,5.6,0,31.33
28,280,C,night,6,6.9,0,72.89
29,81,D,early,2,6.6,0,45.57
16,202,B,early,1,1.2,1,65.91
19,158,A,night,2,8.0,0,57.86
4,120,C,late,0,1.2,0,27.36
3,59,D,night,0,7.0,0,15.04
17,215,C,early,4,4.2,0,58.79
17,128,D,night,6,5.1,0,43.0
12,224,B,night,0,9.0,1,46.58
28,209,A,early,2,8.9,0,64.98
29,115,D,night,3,8.2,0,56.34
14,209,D,night,3,5.1,0,46.09
21,14,D,late,4,7.4,0,32.38
6,9,D,late,5,5.1,0,17.3
3,40,A,early,2,8.7,0,11.71
28,237,A,early,2,4.0,0,58.37
9,281,B,early,0,9.7,0,34.45
5,201,A,late,6,9.3,0,28.54
24,246,D,early,2,7.4,0,51.65
29,278,B,early,1,2.8,0,66.38
17,235,B,early,5,1.3,1,67.51
14,4,B,late,0,8.5,1,28.94
21,154,D,night,1,1.7,1,57.03
3,29,C,early,4,8.5,0,12.52
28,109,D,night,3,4.9,0,55.97
1,98,A,early,4,4.1,0,21.14
20,215,A,night,3,9.0,0,52.17
29,293,D,late,4,6.0,0,70.49
21,75,D,late,2,5.8,0,43.67
23,146,B,early,1,5.6,0,57.02
1,128,D,night,3,3.7,0,17.35
3,42,B,late,0,7.9,1,19.54
18,41,A,early,1,2.5,0,37.61
25,34,B,early,0,9.4,1,42.56
10,17,D,late,1,8.9,0,23.05
22,165,A,late,1,3.4,0,47.16
26,153,C,early,4,7.3,0,58.12
3,76,B,night,3,5.7,0,12.85
8,87,A,night,3,3.4,1,38.04
14,117,B,night,6,9.9,1,38.81
24,27,A,early,1,0.3,0,42.91
18,287,A,late,2,2.5,0,51.89
15,134,B,early,2,5.2,1,49.53
22,219,C,late,0,5.2,0,53.52
23,168,A,night,0,5.9,1,51.12
2,98,A,night,4,7.5,0,23.2
27,268,A,late,1,6.2,0,59.98
10,237,C,late,0,6.0,0,41.59
2,173,C,early,0,0.5,0,34.18
26,190,D,night,5,3.8,0,63.08
17,122,B,early,1,2.3,0,51.7
8,46,C,early,4,2.7,0,22.02
1,64,B,early,0,5.5,0,14.32
9,130,D,night,4,2.0,0,35.98
11,193,B,early,3,2.9,0,43.62
22,181,C,early,4,2.4,0,61.84
16,292,B,early,2,9.5,0,50.68
7,282,C,early,2,9.4,0,38.39
29,29,B,early,4,6.1,1,46.14
10,149,C,early,2,9.2,1,38.04
23,267,C,night,3,7.9,0,57.23
26,296,B,early,1,5.9,0,69.24
3,11,D,late,2,0.1,1,23.16
18,164,A,early,2,7.7,1,46.93
25,113,D,early,4,7.0,0,44.54
24,187,B,night,3,6.2,0,46.31
13,295,D,night,6,7.6,0,60.43
28,232,C,late,6,5.1,0,66.34
26,227,A,late,6,7.0,0,61.38
7,98,B,night,6,9.4,0,19.35
25,55,B,night,1,3.8,1,57.17
4,111,B,early,4,7.1,1,30.39
13,152,A,night,4,4.8,0,34.44
20,246,C,late,5,6.7,0,49.99
1,69,B,early,3,7.6,0,10.64
8,289,D,late,6,0.5,1,53.53
14,250,B,early,1,6.5,0,47.29
16,36,B,night,3,2.3,0,35.81
14,239,B,late,6,6.7,0,52.22
12,148,B,early,1,4.7,0,33.38
19,227,C,early,3,7.7,0,46.04
23,244,D,night,4,1.2,0,64.53
15,201,C,night,4,6.3,0,37.45
28,154,D,night,0,2.8,1,71.19
2,73,B,late,2,8.5,1,21.08
2,201,A,early,6,9.3,1,27.48
23,296,C,night,5,10.0,0,59.36
22,17,A,late,3,8.0,0,41.21
19,129,C,late,5,7.5,0,48.46
25,217,B,late,0,2.2,1,65.19
26,61,C,night,2,3.4,0,54.01
29,104,B,night,3,4.7,0,60.6
22,42,C,early,1,7.7,0,42.25
26,25,B,early,6,9.1,0,41.2
26,39,B,night,2,1.9,0,51.05
22,291,D,late,4,9.2,0,55.74
17,131,B,late,0,7.0,0,41.14
20,229,D,late,2,6.1,0,54.38
10,108,B,early,6,2.0,1,36.09
6,172,A,late,2,0.6,0,24.81
15,102,B,early,6,5.7,0,31.33
22,12,A,early,4,6.5,0,34.58
11,275,A,late,3,2.1,1,56.61
28,101,B,late,1,5.6,0,55.09
5,44,A,night,4,8.6,1,26.45
1,17,D,night,1,8.4,0,18.94
8,57,C,late,3,9.3,1,29.4
21,12,B,early,2,3.7,1,44.17
28,80,A,early,1,3.2,0,47.7
12,216,B,early,0,7.5,0,50.36
12,264,D,early,0,4.3,0,41.82
5,149,B,early,6,0.9,0,31.18
7,81,B,night,4,2.8,0,31.33
4,215,A,late,3,4.2,0,35.99
6,198,D,night,6,2.9,0,31.78
13,200,C,early,4,3.3,0,42.49
20,25,C,early,4,2.9,0,35.98
15,89,A,early,6,0.4,0,28.44
3,268,B,early,5,6.4,0,34.31
23,143,A,late,4,6.0,0,45.85
8,59,A,early,5,6.5,0,30.1
20,26,A,late,0,1.9,0,42.13
16,47,B,early,0,3.0,1,40.47
13,288,D,late,4,6.2,0,48.74
18,266,A,night,0,6.0,0,53.81
28,16,B,early,3,5.1,0,45.63
10,199,D,late,5,3.5,1,47.32
19,282,A,night,5,9.1,1,68.15
17,86,C,early,4,3.4,1,40.28
24,250,D,early,0,4.6,0,62.34
19,270,A,early,1,6.8,0,57.07
28,117,D,late,6,5.4,0,55.48
26,7,D,late,6,3.5,0,55.31
23,137,D,night,5,4.4,1,62.12
26,176,D,late,4,7.9,0,54.26
5,215,D,late,4,2.8,0,38.26
26,82,D,early,3,1.4,0,51.06
21,223,A,early,2,3.1,1,55.99
23,103,C,early,2,8.5,0,45.49
9,273,B,early,5,0.9,0,52.03
12,14,D,early,6,9.9,0,28.72
21,159,B,early,3,5.4,0,48.93
1,152,A,early,3,9.8,0,22.51
26,108,D,night,3,9.4,1,58.15
26,188,C,night,5,4.5,0,54.59
1,98,B,night,2,2.0,0,20.56
15,131,D,night,6,1.6,0,44.44
2,293,A,early,3,2.4,0,40.17
22,171,C,night,6,7.1,1,54.23
16,183,B,early,0,2.7,0,41.79
25,39,B,night,4,3.4,0,46.56
8,15,D,late,4,4.5,1,25.72
13,4,C,night,6,9.1,0,23.98
21,210,C,night,1,1.9,0,57.12
1,161,C,early,1,0.1,0,26.19
16,16,C,night,5,0.6,0,41.23
29,108,A,late,5,9.0,0,59.41
7,227,C,early,4,6.5,0,41.02
5,170,B,early,0,2.7,0,22.15
22,34,B,night,2,1.8,0,40.4
29,251,A,early,2,2.9,0,66.86
23,247,B,early,5,1.1,0,52.46
3,269,B,early,0,9.4,1,32.26
12,141,C,early,5,7.8,0,34.46
26,274,B,early,2,4.6,0,63.06
16,96,A,early,6,8.6,0,34.5
19,227,C,late,5,2.5,0,48.51
5,39,D,night,3,7.2,0,18.23
22,29,C,late,6,8.6,0,39.96
25,245,A,early,5,3.6,0,61.63
29,236,C,early,4,7.6,0,67.49
14,185,C,night,5,3.0,0,47.59
28,272,A,late,4,3.0,1,71.32
5,236,C,night,0,1.1,1,44.96
15,239,A,late,2,4.4,0,43.84
17,266,A,early,6,7.3,0,48.92
14,65,D,night,6,9.4,0,27.49
20,177,B,night,1,6.0,0,54.84
5,3,B,early,1,8.6,0,12.15
12,142,C,night,2,8.2,1,46.29
16,158,C,late,1,1.7,0,48.11
26,146,D,late,6,4.9,0,53.12
26,293,D,late,5,1.2,0,73.16
16,153,D,late,0,6.8,0,47.83
21,193,A,early,0,9.5,1,52.7
7,73,D,night,2,1.4,0,30.28
4,140,D,late,1,7.3,1,29.03
1,187,C,early,5,6.3,0,25.97
5,293,D,night,0,5.8,0,43.02
23,61,A,night,0,3.9,1,46.91
26,198,A,early,3,3.6,0,53.72
10,295,C,early,3,0.5,1,61.69
22,11,D,late,6,2.2,0,46.46
5,62,D,night,0,0.2,0,24.53
4,226,A,night,2,5.8,1,38.07
2,153,D,early,4,1.1,0,21.88
20,199,D,night,4,8.7,1,46.89
10,52,D,late,5,5.2,1,39.44
26,260,B,night,0,7.0,0,64.4
19,59,C,early,0,4.1,0,40.31
26,72,B,early,6,5.6,0,49.6
1,148,C,late,0,9.4,0,36.99
24,63,A,late,2,0.8,0,52.33
5,243,D,night,3,2.5,0,34.91
13,107,C,night,0,7.8,0,26.35
4,226,B,early,0,1.0,0,40.65
16,218,D,late,6,0.8,1,62.46
24,241,A,late,1,3.6,1,68.14
16,259,C,late,6,0.9,0,51.13
23,262,C,night,6,5.9,0,63.3
2,5,C,late,2,2.3,1,17.07
17,261,D,early,5,9.0,0,55.19
28,54,B,early,0,7.8,0,52.97
27,47,B,night,6,7.0,1,49.79
20,215,C,night,6,6.2,0,59.27
24,177,A,late,1,8.6,0,52.21
12,9,A,night,6,2.2,1,34.99
18,99,B,early,4,8.7,1,36.48
3,20,A,late,5,7.9,0,13.43
28,241,B,early,0,7.5,0,59.85
1,61,C,late,0,5.6,0,18.93
1,178,B,night,1,2.5,0,34.68
29,62,B,late,2,4.2,0,54.27
19,145,C,late,0,7.9,0,40.57
11,216,A,early,4,0.3,1,51.5
5,3,B,early,0,7.8,0,16.09
12,160,B,late,4,2.4,0,50.11
3,227,C,night,5,1.4,0,37.1
1,269,A,night,5,1.2,0,31.8
1,120,B,early,3,0.3,0,27.34
8,89,C,night,3,5.2,0,27.99
10,68,B,early,4,2.2,0,30.1
11,98,D,night,2,9.9,0,26.52
12,267,C,late,0,5.7,0,46.66
29,105,A,early,6,1.4,1,62.27
13,123,A,early,0,6.9,0,33.27
12,29,A,late,3,9.0,0,20.97
14,137,A,early,6,7.5,1,42.35
2,195,B,night,4,0.8,1,31.57
29,226,B,night,6,9.0,0,57.24
19,170,A,early,0,7.9,0,48.32
18,9,A,night,0,1.6,1,43.84
3,40,A,early,2,0.5,1,17.21
23,25,B,late,1,5.6,0,31.93
17,261,A,early,6,1.6,0,48.82
26,226,A,late,3,8.3,0,57.73
8,124,D,night,3,3.6,0,39.52
29,38,D,late,1,9.1,0,49.11
26,251,A,night,0,5.7,0,58.79
10,176,C,early,2,1.8,1,45.56
26,90,A,night,2,1.4,0,52.2
2,37,D,early,3,5.8,0,9.79
19,176,C,early,2,7.6,0,40.58
9,284,C,late,5,7.8,0,36.52
7,81,A,late,1,2.8,0,38.32
4,114,D,late,0,2.0,0,32.72
26,40,D,late,5,0.2,0,49.39
21,224,C,night,1,6.8,0,60.75
18,115,A,night,4,0.8,1,46.95
13,186,B,night,6,4.2,0,47.77
11,56,B,early,3,6.0,0,27.78
29,40,D,night,2,9.4,1,51.98
24,40,B,night,4,3.1,0,49.18
4,237,D,night,2,2.5,0,39.05
25,289,D,late,5,6.5,1,73.56
21,262,D,night,0,6.2,0,60.95
29,216,B,early,0,3.3,0,66.5
25,147,D,late,0,9.3,0,57.25
4,168,C,early,2,8.4,1,44.68
10,92,A,night,4,2.2,0,37.81
5,59,A,late,0,2.4,0,22.94
9,59,D,early,4,5.1,0,26.5
24,169,A,night,2,7.7,0,51.08
3,269,B,early,5,0.4,0,31.66
17,45,B,early,4,6.9,0,36.99
3,181,A,early,5,6.5,0,20.76
16,170,B,night,2,2.3,0,44.48
4,191,A,night,2,6.8,0,31.82
18,155,A,early,3,9.4,0,40.03
17,188,A,late,2,0.5,1,51.63
7,7,D,late,2,3.2,0,16.93
24,133,A,night,1,4.4,1,62.54
23,235,D,night,0,9.0,1,59.18
5,45,A,night,3,9.6,0,13.2
12,249,A,night,6,4.4,0,36.23
17,31,A,night,3,7.5,1,36.98
23,23,B,late,3,5.3,0,39.46
13,160,D,night,6,5.4,1,47.78
23,158,D,early,1,2.8,0,49.91
25,39,A,early,5,2.2,0,49.75
3,82,A,late,2,2.9,0,11.53
9,258,B,early,0,5.6,0,40.76
17,206,B,late,4,0.3,1,57.05
17,77,B,late,6,9.1,0,35.28
20,12,D,early,5,1.6,0,41.83
16,295,D,night,6,2.2,1,67.75
25,224,D,early,2,5.2,0,68.6
22,13,A,early,1,7.1,0,35.89
13,46,D,late,6,1.0,0,30.54
27,155,C,early,2,3.2,0,62.06
19,113,C,late,2,9.7,0,39.85
17,233,B,night,1,2.6,0,58.79
4,17,D,night,3,3.1,0,17.33
12,223,C,night,3,8.4,0,38.02
29,188,B,early,0,0.5,0,65.91
9,163,D,late,0,4.6,0,28.32
19,74,A,night,3,3.8,0,38.37
12,233,C,late,5,3.2,0,44.65
9,224,A,late,4,2.9,0,40.99
7,60,D,night,2,0.9,0,24.24
28,222,C,night,4,3.1,1,67.34
14,37,D,late,2,0.4,0,42.16
20,278,A,night,3,7.8,0,55.46
19,196,C,late,0,4.0,0,56.2
26,242,A,late,5,4.4,0,59.67
15,219,D,night,0,8.9,0,46.47
16,192,D,early,4,6.6,0,47.81
21,17,A,night,0,0.1,0,50.08
5,12,C,early,3,9.4,0,13.79
3,193,A,late,5,2.4,1,34.13
12,22,D,late,4,1.1,0,37.58
25,120,A,early,5,7.7,0,46.81
20,210,D,late,2,5.0,1,61.22
27,270,A,early,0,4.3,0,70.74
21,192,C,early,5,2.5,0,52.03
4,175,C,late,1,5.5,0,31.35
21,285,A,early,0,2.7,0,68.94
23,204,A,night,2,9.0,0,57.28
16,164,C,night,5,2.2,0,48.55
25,251,D,late,4,8.8,0,60.8
7,227,C,late,2,5.6,0,34.62
13,7,D,early,1,8.3,0,21.91
21,29,A,early,5,7.1,1,49.2
10,33,A,early,6,7.0,0,29.32
26,134,D,early,6,3.2,0,54.19
7,79,A,night,3,2.3,0,28.25
14,58,D,night,0,2.1,0,37.88
26,26,B,late,4,8.6,1,53.88
5,226,C,early,3,8.2,0,34.75
3,285,B,early,5,4.4,0,36.31
23,4,D,late,6,1.3,0,42.1
29,99,C,early,6,3.8,0,58.66
11,39,D,early,6,6.2,0,26.54
11,271,C,early,5,4.5,0,47.93
18,285,C,early,6,7.8,0,54.36
15,157,C,early,2,10.0,0,37.2
12,75,C,late,5,1.9,0,29.71
9,288,D,early,4,4.6,1,54.29
10,130,C,late,3,4.3,0,34.9
26,175,C,early,4,3.0,0,68.64
12,84,B,night,1,2.0,0,29.31
17,22,A,night,6,0.7,0,39.25
29,27,A,night,1,8.9,0,45.97
6,195,B,night,0,4.2,1,49.51
7,236,B,late,0,5.0,0,40.32
14,92,D,late,1,9.2,1,41.24
13,21,D,early,5,7.8,0,27.92
8,84,D,night,4,1.3,0,28.64
10,262,B,late,1,5.7,0,44.63
9,147,B,early,0,4.4,0,26.27
18,257,C,early,1,8.0,0,45.68
27,58,D,late,5,7.2,0,55.26
26,15,D,night,1,6.9,1,42.31
2,162,D,early,4,3.4,1,31.78
5,163,A,night,3,8.0,0,21.44
29,281,C,night,5,0.5,0,72.57
5,280,D,night,0,1.6,0,44.65
6,12,D,early,4,3.4,0,26.5
19,274,D,night,1,0.8,0,68.1
8,271,A,early,1,2.3,0,37.88
16,208,A,night,3,8.3,0,42.05
13,27,B,early,0,9.5,0,45.47
1,72,C,night,0,3.0,0,18.46
22,60,B,late,2,2.6,0,40.27
20,145,C,night,0,2.8,0,46.81
17,93,A,night,3,2.8,0,39.11
7,8,D,early,6,0.4,0,22.7
25,79,B,early,2,9.3,0,43.94
13,27,D,night,2,2.1,0,33.43
4,174,B,late,1,4.2,0,29.14
4,50,A,late,1,0.1,0,16.65
6,199,A,early,0,8.6,0,31.55
28,181,A,late,2,7.3,0,58.68
19,24,B,night,1,9.5,0,36.0
29,46,C,early,3,7.8,0,41.35
12,15,B,night,1,3.1,0,28.96
22,153,C,early,5,2.5,0,43.16
7,222,B,early,5,7.0,0,33.88
27,206,B,early,1,3.6,0,65.15
10,273,A,early,2,5.7,1,53.08
26,236,D,late,6,0.1,0,69.78
19,228,D,night,6,0.6,1,66.85
7,9,C,night,2,5.4,0,19.29
3,166,D,night,4,5.7,0,26.59
13,214,B,early,6,7.5,0,55.03
13,117,B,late,5,1.3,0,42.59
18,72,A,night,3,5.1,0,32.48
28,64,A,late,2,1.9,0,43.82
26,205,D,early,0,0.9,0,62.44
20,209,C,night,5,4.1,0,60.56
28,72,D,late,3,1.6,0,56.78
8,277,D,early,3,2.2,0,35.1
29,274,D,late,2,3.2,0,71.99
9,95,D,night,3,2.6,0,33.42
7,166,B,night,2,0.9,0,23.22
1,32,C,early,6,0.9,1,22.35
3,11,B,early,1,1.9,1,16.18
13,217,C,early,5,0.5,0,38.73
28,289,A,late,4,6.3,0,75.43
25,102,D,late,1,2.9,1,53.84
28,267,B,late,5,2.8,0,65.56
17,214,C,early,2,3.3,0,47.51
25,179,A,night,5,6.6,1,59.96
24,88,A,night,6,8.7,0,53.73
1,41,D,late,2,7.6,0,8.78
6,76,C,late,1,7.3,0,21.54
21,46,B,night,0,4.8,0,41.77
6,160,D,night,0,6.9,1,32.38
26,80,B,late,5,5.5,0,47.84
12,86,A,late,0,2.2,0,36.21
13,92,B,night,2,2.1,0,32.56
13,148,B,early,3,3.0,0,37.75
29,161,D,late,2,9.1,0,57.55
15,202,B,night,3,5.5,0,44.84
21,242,D,night,1,7.3,1,63.72
16,2,A,night,4,3.5,0,34.19
22,225,D,night,3,4.1,0,69.37
21,289,D,early,0,1.3,0,51.42
11,233,C,night,2,1.7,0,45.66
28,77,B,late,1,8.3,1,48.03
5,116,A,early,0,5.8,0,21.79
4,154,D,night,1,3.4,0,35.49
3,103,A,early,4,8.0,0,24.53
19,194,C,late,6,2.5,0,58.99
20,166,B,night,2,9.8,0,52.15
25,90,D,late,5,3.4,0,51.95
18,174,B,night,2,3.4,0,55.48
15,122,C,night,4,3.1,1,54.82
9,143,C,night,2,1.2,0,37.74
17,106,A,night,5,1.1,1,53.45
14,123,D,night,3,6.5,0,39.65
15,9,A,early,1,8.8,0,33.11
1,262,C,night,5,7.9,0,30.67
21,73,B,night,0,1.4,0,42.66
22,223,A,early,4,5.5,0,48.99
22,41,A,early,3,1.1,0,42.24
3,204,B,early,0,0.5,0,33.09
16,264,A,early,0,6.6,1,49.57
23,178,B,early,4,5.4,0,51.91
25,84,D,early,3,0.8,0,51.23
11,111,B,night,6,0.3,1,36.14
12,251,D,night,0,9.9,0,49.88
10,7,B,late,0,0.3,0,32.51
16,84,C,night,3,4.4,0,44.35
8,208,C,night,2,5.0,0,37.87
6,22,D,early,0,1.2,0,23.81
12,3,D,early,1,1.7,1,29.53
24,127,C,night,3,3.5,0,55.73
28,297,D,late,0,7.6,0,71.19
21,188,B,early,4,5.1,0,65.79
8,14,B,night,5,6.4,0,26.03
26,12,C,night,1,9.9,0,44.16
28,87,A,late,5,7.7,0,50.06
4,12,B,late,5,4.3,0,21.26
26,25,D,early,0,4.5,0,43.27
8,243,A,late,1,6.2,0,43.5
26,122,A,night,1,6.7,0,46.18
28,147,B,night,2,5.0,0,55.4
18,55,B,late,5,6.4,0,27.23
28,238,A,late,1,0.2,0,70.67
28,173,A,late,2,4.3,1,65.78
5,221,C,late,3,2.8,0,33.71
9,119,D,early,2,1.3,0,30.86
4,183,C,late,4,1.0,0,40.33
27,288,B,early,6,6.0,0,66.07
22,82,C,night,0,5.2,1,47.43
17,211,C,late,3,2.5,0,61.14
9,150,C,early,6,4.7,1,36.12
1,37,C,late,6,4.9,0,20.82
21,59,D,night,3,2.0,0,40.82
20,131,D,night,4,6.5,1,51.11
13,202,A,night,2,7.8,0,42.86
28,243,B,late,0,7.9,0,63.12
16,35,C,late,2,6.0,0,34.92
29,93,A,early,1,5.1,1,55.88
13,207,A,night,2,0.6,1,42.8
14,213,A,late,3,2.9,0,52.84
3,159,D,night,0,0.9,1,34.55
29,24,C,night,2,9.6,0,49.1
6,293,C,early,0,1.4,0,47.77
18,4,B,early,0,1.5,0,37.01
19,220,C,early,1,8.9,0,46.53
5,20,C,early,1,9.4,0,21.32
15,152,A,night,3,7.7,0,41.59
25,50,B,early,4,0.1,0,50.22
2,177,C,early,6,0.0,0,31.64
10,96,D,early,0,3.8,0,41.63
24,105,C,early,4,1.4,0,48.97
18,250,A,night,6,0.2,0,58.09
27,117,D,early,6,4.6,0,53.8
13,228,A,night,3,9.4,0,31.63
5,66,C,late,6,3.2,0,14.03
23,262,D,night,6,6.6,1,62.12
24,295,B,night,0,6.5,0,60.51
1,243,B,early,0,2.5,0,42.65
22,186,D,late,5,6.5,1,62.92
1,246,D,late,4,2.1,0,38.95
18,125,A,late,2,1.2,1,46.67
15,268,D,late,1,7.0,0,51.85
17,131,A,night,2,1.1,0,56.09
11,237,C,late,4,10.0,0,34.49
21,18,A,night,1,1.8,0,42.51
26,40,D,night,2,5.9,0,56.88
25,21,D,night,5,4.1,0,52.09
22,225,C,late,1,1.3,0,69.0
27,282,D,early,0,0.3,1,78.71
27,8,D,early,2,6.2,0,49.62
17,100,B,late,1,8.1,0,38.08
13,240,B,early,5,8.4,0,45.69
1,87,C,early,6,4.8,0,14.32
2,298,A,night,1,7.8,1,42.69
9,14,B,night,1,6.7,0,23.15
3,2,A,late,5,7.2,0,11.63
1,293,D,late,6,4.9,0,45.54
21,41,B,early,2,6.3,0,37.64
16,111,C,night,3,8.1,1,49.8
23,14,C,late,2,4.0,0,49.06
6,231,C,late,6,8.1,0,39.19
28,84,B,late,4,5.9,1,52.26
17,130,A,late,5,1.7,1,50.41
5,231,D,late,2,0.2,0,50.13
5,145,A,late,1,3.6,0,18.79
6,28,A,early,5,5.5,0,17.25
3,66,D,night,0,8.4,0,25.06
21,163,D,night,6,1.3,1,59.8
23,229,B,late,2,8.0,0,59.77
5,261,B,night,5,8.6,0,41.96
21,164,B,night,2,1.5,0,54.08
5,287,B,night,5,8.5,0,39.6
10,10,B,late,1,9.9,0,20.43
10,195,D,late,0,7.3,0,40.48
19,118,A,night,0,7.8,0,51.94
17,270,B,night,4,9.9,0,50.0
21,80,B,late,5,6.1,0,40.76
14,93,A,early,2,3.1,0,40.68
9,266,B,night,0,8.4,0,36.44
14,257,A,early,6,6.1,0,43.42
1,133,A,night,0,5.8,0,17.59
19,276,D,early,3,2.5,0,58.95
13,264,C,early,3,7.6,0,45.64
13,171,D,early,0,0.8,0,48.72
4,1,C,late,5,9.2,0,11.43
1,64,C,early,4,3.3,1,26.81
17,284,C,early,0,1.3,0,62.23
8,121,B,early,1,4.4,0,26.53
2,107,D,night,2,0.4,1,36.04
28,175,C,early,4,6.8,0,64.31
8,204,A,night,1,9.0,0,24.37
7,165,B,early,4,8.4,0,30.69
26,120,D,early,1,1.3,1,60.16
26,44,C,late,2,1.3,0,57.23
2,156,A,night,2,8.1,0,19.58
22,207,D,early,3,9.2,0,47.22
22,108,D,night,5,4.6,1,54.82
3,251,B,night,1,5.0,0,29.55
27,130,D,late,3,3.2,0,63.01
18,293,B,late,1,8.9,0,49.67
12,20,C,late,3,6.4,0,26.93
1,282,B,late,2,2.9,0,42.66
22,285,A,late,4,3.0,0,67.09
12,1,B,late,6,8.9,1,29.94
5,119,A,late,3,0.1,0,27.61
27,35,B,late,1,3.2,0,50.67
25,198,D,early,1,5.5,0,63.13
17,245,C,night,6,1.5,0,50.47
16,59,A,late,5,0.9,0,41.45
15,161,B,late,2,8.2,0,34.23
23,179,B,night,1,8.9,0,54.4
15,206,B,early,0,8.2,0,37.51
5,12,D,night,4,9.0,0,26.92
21,276,D,night,3,5.5,1,70.3
14,181,A,late,5,8.1,1,36.53
2,242,A,night,6,3.8,0,32.05
11,216,D,night,4,6.7,0,40.23
